{
  "timestamp": "2025-09-01T12:17:31.407344",
  "system_info": {
    "cpu_count": 8,
    "memory_total_gb": 31.957534790039062,
    "memory_available_gb": 17.69894027709961,
    "platform": "win32",
    "python_version": "3.13.1 (tags/v3.13.1:0671451, Dec  3 2024, 19:06:28) [MSC v.1942 64 bit (AMD64)]"
  },
  "tests": {
    "data_loading": {
      "execution_time": 0.0013439655303955078,
      "memory_usage_mb": 0.48828125,
      "success_rate": 1.0
    },
    "computation": {
      "execution_time": 0.06242513656616211,
      "cpu_usage_percent": 2.4,
      "success_rate": 1.0
    },
    "memory_usage": {
      "memory_usage_mb": 0.20703125,
      "peak_memory_mb": 173.171875,
      "success_rate": 1.0
    },
    "parallel_processing": {
      "sequential_time": 0.4011962413787842,
      "parallel_time": 0.17241334915161133,
      "speedup_ratio": 2.3269441916936087,
      "efficiency": 0.5817360479234022
    }
  }
}