{
  "performance": 0.3052324257479707,
  "stability": 0.3398549584959192,
  "risk_adjusted": 0.19328327046364574,
  "trend_adaptation": 0.10276587271204819,
  "reliability": 0.05886347258041619
}